{"instances": [10, 13, 16, 19, 22, 25, 28], "bdd": {"satcount": {"modeltime": {"mean": [0.6060361862182617, 0.848698616027832, 1.3122320175170898, 2.382516860961914, 4.019308090209961, 8.392834663391113, 18.027830123901367], "var": [0.006435964792217419, 0.01759851841143245, 0.04565172787351912, 0.23688529608989484, 1.4619951093663985, 7.6665901752903665, 14.534699162140896]}, "satcount": {"mean": [0.005221366882324219, 0.0063419342041015625, 0.009584426879882812, 0.01704692840576172, 0.023984909057617188, 0.04901885986328125, 0.06639957427978516], "var": [1.7899992599268444e-06, 6.448317435570061e-06, 1.0843450581887737e-05, 3.45977468896308e-05, 0.0001007970240607392, 0.0011924521459150128, 0.0007668432999707875]}, "overall": {"mean": [0.6112575531005859, 0.8550405502319336, 1.3218164443969727, 2.399563789367676, 4.043292999267578, 8.441853523254395, 18.094229698181152], "var": [0.006640639185206965, 0.018202047726845194, 0.046546795715585176, 0.24079343177163537, 1.4675272018394026, 7.825406635788568, 14.64035547144249]}}, "influence": {"modeltime": {"mean": [0.5709171295166016, 0.7955312728881836, 1.3458251953125, 2.188849449157715, 4.655957221984863, 9.673786163330078, 22.095537185668945], "var": [0.0006522691364807542, 0.0009057663419298478, 0.01611690322533832, 0.06335936916457285, 1.0615105935585234, 8.469488475384424, 54.29315458741257]}, "influence": {"mean": [0.03209114074707031, 0.03445148468017578, 0.053763389587402344, 0.07252693176269531, 0.128173828125, 0.17404556274414062, 0.3263711929321289], "var": [0.00011861175153171644, 0.000102991748462955, 0.0001700215079836198, 0.000633312993159052, 0.001989510565181263, 0.0040441477722197305, 0.03059970424601488]}, "overall": {"mean": [0.6030082702636719, 0.8299827575683594, 1.3995885848999023, 2.26137638092041, 4.784131050109863, 9.847831726074219, 22.421908378601074], "var": [0.0008943720786191989, 0.001229941517522093, 0.0164444946904041, 0.06989043242811022, 1.1379736798744489, 8.55624585710757, 54.879741254012515]}}, "blame_cutoff_low": {"modeltime": {"mean": [0.5897760391235352, 0.8715629577636719, 1.4571428298950195, 2.32391357421875, 4.1245222091674805, 11.834335327148438, 24.538826942443848], "var": [0.0007615886943312944, 0.0020714333004434593, 0.038477742805298476, 0.0785403790359851, 0.4984501430271848, 8.93440105528498, 64.94783915570679]}, "blame": {"mean": [13.466024398803711, 5.591106414794922, 21.077656745910645, 87.88454532623291, 168.123459815979, 3952.0955085754395, 24155.04448413849], "var": [1069.9223208143849, 9.372432780310191, 91.70426913499341, 6278.583339909004, 30716.695804033523, 8244624.498344662, 286373354.49293125]}, "overall": {"mean": [14.055800437927246, 6.462669372558594, 22.534799575805664, 90.20845890045166, 172.24798202514648, 3963.929843902588, 24179.583311080933], "var": [1069.5086163428866, 9.478163487983693, 92.474907714859, 6286.358368789138, 30834.145230235205, 8243130.522977093, 286496393.39043677]}}, "blame_cutoff_high": {"modeltime": {"mean": [0.6308555603027344, 0.9395837783813477, 1.3949394226074219, 2.405571937561035, 4.558849334716797, 10.203742980957031, 26.142406463623047], "var": [0.007507401278417092, 0.0062392297195401625, 0.023364507342193974, 0.14400591282992536, 1.5272610289684962, 7.1184055423145765, 58.28700232996198]}, "blame": {"mean": [1.4048099517822266, 3.7905454635620117, 8.419609069824219, 46.581268310546875, 216.33968353271484, 1237.4903440475464, 10548.102760314941], "var": [0.24607338446003268, 0.4143607503692692, 11.21437792562574, 744.1488460699475, 27927.832741888782, 777496.7159915497, 318528405.86245054]}, "overall": {"mean": [2.035665512084961, 4.730129241943359, 9.81454849243164, 48.98684024810791, 220.89853286743164, 1247.6940870285034, 10574.245166778564], "var": [0.26198190198556404, 0.34690787288127467, 11.469137346011848, 749.8969538693245, 28198.919396290876, 780053.7327364401, 318694508.95019484]}}, "omega": {"modeltime": {"mean": [0.6195068359375, 0.8859634399414062, 1.3270139694213867, 2.2285938262939453, 4.649567604064941, 10.174131393432617, 27.1634578704834], "var": [0.011432589417381678, 0.009104167020268505, 0.01505214243024966, 0.06353373237288906, 2.094336207960623, 15.281163066447334, 80.60647968250123]}, "omega": {"mean": [0.49490928649902344, 0.6418228149414062, 1.9495487213134766, 5.43217658996582, 22.977566719055176, 21.65663242340088, 22.622132301330566], "var": [0.06481113587142318, 0.1420482476532925, 2.0315432607276307, 10.028586175394594, 1912.775546593934, 227.62168024712537, 453.40768360176753]}, "overall": {"mean": [1.1144161224365234, 1.5277862548828125, 3.2765626907348633, 7.660770416259766, 27.627134323120117, 31.830763816833496, 49.785590171813965], "var": [0.087788132532296, 0.14303897160061751, 2.15991221296008, 11.165354228523938, 2024.1564838693193, 257.01361852782156, 785.3301165079074]}}}, "sharpSAT-td": {"satcount": {"on_cnf": {"mean": [3.218412399291992, 3.275609016418457, 3.6412954330444336, 4.017138481140137, 3.9701461791992188, 4.433107376098633, 7.329559326171875], "var": [0.12694247288891347, 0.3799221695999222, 0.05975708802452573, 0.049907947072824754, 0.07337574743360165, 0.16048664747358998, 68.05384350855093]}, "on_tseytin": {"mean": [4.4574737548828125, 5.287885665893555, 6.348896026611328, 7.481646537780762, 8.045768737792969, 9.697365760803223, 10.490870475769043], "var": [0.28862108365501626, 0.1853139679042215, 0.08299510682263644, 0.2587550744692635, 0.32913908626142074, 1.5560017919824531, 1.0939165287027208]}}, "influence": {"influence": {"mean": [6.5964460372924805, 7.932782173156738, 11.401867866516113, 11.940193176269531, 14.57977294921875, 18.371176719665527, 20.532751083374023], "var": [1.554752887500399, 0.4178772456953084, 1.0058715639615912, 2.7563014077713888, 2.6904372816716204, 2.5468941208828255, 9.43642170568637]}}}}