{"instances": [10, 13, 16], "bdd": {"satcount": {"modeltime": {"mean": [134.3395233154297, 215.9445285797119, 313.3016347885132], "var": [298.3133632915269, 515.631428800134, 88.40262642081598]}, "satcount": {"mean": [0.007700920104980469, 0.009107589721679688, 0.010895729064941406], "var": [3.75734998669941e-07, 4.636149242287502e-06, 5.844071893079672e-06]}, "overall": {"mean": [134.34722423553467, 215.9536361694336, 313.3125305175781], "var": [298.3124432881823, 515.6491293382715, 88.39917471732406]}}, "influence": {"modeltime": {"mean": [139.37270641326904, 216.2511110305786, 318.8807725906372], "var": [337.42419238080856, 457.25692369217086, 65.01021875294555]}, "influence": {"mean": [0.06465911865234375, 0.06852149963378906, 0.08761882781982422], "var": [0.00017941829355549999, 6.363279680954292e-05, 9.935376965586329e-05]}, "overall": {"mean": [139.4373655319214, 216.3196325302124, 318.96839141845703], "var": [337.6447965712259, 457.36442567715585, 65.02952643586468]}}, "blame_cutoff_low": {"modeltime": {"mean": [136.41698360443115, 214.98639583587646, 324.04048442840576], "var": [484.7202431739106, 378.50385963395183, 113.4077081593432]}, "blame": {"mean": [156.394362449646, 1020.3240871429443, 8871.948051452637], "var": [5132.747543351001, 257010.87968340292, 6914378.9653445855]}, "overall": {"mean": [292.81134605407715, 1235.3104829788208, 9195.988535881042], "var": [7010.61622903353, 253562.8969009969, 6897730.474996334]}}, "blame_cutoff_high": {"modeltime": {"mean": [137.4769687652588, 215.13502597808838, 320.89521884918213], "var": [355.6136761153539, 493.54742880098, 145.4230777818566]}, "blame": {"mean": [61.157822608947754, 587.47398853302, 3995.3322649002075], "var": [884.8154990602095, 33053.72113832448, 3147114.01704248]}, "overall": {"mean": [198.63479137420654, 802.6090145111084, 4316.22748374939], "var": [1407.5919644716348, 32367.173278360046, 3165634.595362585]}}, "omega": {"modeltime": {"mean": [133.67996215820312, 215.63913822174072, 314.8210048675537], "var": [311.1550891640036, 504.7241220432852, 10.189620911660313]}, "omega": {"mean": [0.3210306167602539, 0.6557226181030273, 1.406240463256836], "var": [0.031394020538755285, 0.04542093904547073, 0.7620505903105368]}, "overall": {"mean": [134.00099277496338, 216.29486083984375, 316.22724533081055], "var": [313.5981183555714, 510.02722277871726, 12.456583895072981]}}}, "GPMC": {"satcount": {"on_cnf": {"mean": [6.007075309753418, 6.223964691162109, 6.543970108032227], "var": [1.6259171189858534, 1.5428271103701263, 0.07561804068245692]}, "on_tseytin": {"mean": [167.39182472229004, 251.4101505279541, 357.69734382629395], "var": [243.97673435942124, 108.13403593147086, 996.6900460904071]}}, "influence": {"influence": {"mean": [56.80198669433594, 69.34530735015869, 110.61861515045166], "var": [243.6264071752703, 275.1638106366272, 204.88914032569028]}}}}